{
    "parent": "item/generated",
    "author": "ybw0014",
    "textures": {
        "layer0": "item/bow"
    },
    "display": {
        "thirdperson_righthand": {
            "rotation": [ -80, 260, -40 ],
            "translation": [ -1, -2, 2.5 ],
            "scale": [ 0.9, 0.9, 0.9 ]
        },
        "thirdperson_lefthand": {
            "rotation": [ -80, -280, 40 ],
            "translation": [ -1, -2, 2.5 ],
            "scale": [ 0.9, 0.9, 0.9 ]
        },
        "firstperson_righthand": {
            "rotation": [ 0, -90, 25 ],
            "translation": [ 1.13, 3.2, 1.13],
            "scale": [ 0.68, 0.68, 0.68 ]
        },
        "firstperson_lefthand": {
            "rotation": [ 0, 90, -25 ],
            "translation": [ 1.13, 3.2, 1.13],
            "scale": [ 0.68, 0.68, 0.68 ]
        }
    },
    "overrides": [
        {
            "predicate": {
                "pulling": 1
            },
            "model": "item/bow_pulling_0"
        },
        {
            "predicate": {
                "pulling": 1,
                "pull": 0.65
            },
            "model": "item/bow_pulling_1"
        },
        {
            "predicate": {
                "pulling": 1,
                "pull": 0.9
            },
            "model": "item/bow_pulling_2"
        },

        { "predicate": { "custom_model_data": 2200274}, "model": "item/raulh22/slimefun/slimefun/weapons/soulbound_bow/soulbound_bow"},
        {
            "predicate": {
                "custom_model_data": 2200274,
                "pulling": 1
            },
            "model": "item/raulh22/slimefun/slimefun/weapons/soulbound_bow/soulbound_bow_pulling_0"
        },
        {
            "predicate": {
                "custom_model_data": 2200274,
                "pulling": 1,
                "pull": 0.65
            },
            "model": "item/raulh22/slimefun/slimefun/weapons/soulbound_bow/soulbound_bow_pulling_1"
        },
        {
            "predicate": {
                "custom_model_data": 2200274,
                "pulling": 1,
                "pull": 0.9
            },
            "model": "item/raulh22/slimefun/slimefun/weapons/soulbound_bow/soulbound_bow_pulling_2"
        },

        { "predicate": { "custom_model_data": 2200311}, "model": "item/raulh22/slimefun/slimefun/weapons/explosive_bow/explosive_bow"},
        {
            "predicate": {
                "custom_model_data": 2200311,
                "pulling": 1
            },
            "model": "item/raulh22/slimefun/slimefun/weapons/explosive_bow/explosive_bow_pulling_0"
        },
        {
            "predicate": {
                "custom_model_data": 2200311,
                "pulling": 1,
                "pull": 0.65
            },
            "model": "item/raulh22/slimefun/slimefun/weapons/explosive_bow/explosive_bow_pulling_1"
        },
        {
            "predicate": {
                "custom_model_data": 2200311,
                "pulling": 1,
                "pull": 0.9
            },
            "model": "item/raulh22/slimefun/slimefun/weapons/explosive_bow/explosive_bow_pulling_2"
        },

		{ "predicate": { "custom_model_data": 2200312}, "model": "item/raulh22/slimefun/slimefun/weapons/icy_bow/icy_bow"},
        {
            "predicate": {
                "custom_model_data": 2200312,
                "pulling": 1
            },
            "model": "item/raulh22/slimefun/slimefun/weapons/icy_bow/icy_bow_pulling_0"
        },
        {
            "predicate": {
                "custom_model_data": 2200312,
                "pulling": 1,
                "pull": 0.65
            },
            "model": "item/raulh22/slimefun/slimefun/weapons/icy_bow/icy_bow_pulling_1"
        },
        {
            "predicate": {
                "custom_model_data": 2200312,
                "pulling": 1,
                "pull": 0.9
            },
            "model": "item/raulh22/slimefun/slimefun/weapons/icy_bow/icy_bow_pulling_2"
        },

        { "predicate": { "custom_model_data": 2500110}, "model": "item/ybw0014/infinityexpansion/infinity_items/sky_piercer/sky_piercer"},
        {
            "predicate": {
                "custom_model_data": 2500110,
                "pulling": 1
            },
            "model": "item/ybw0014/infinityexpansion/infinity_items/sky_piercer/sky_piercer_pulling0"
        },
        {
            "predicate": {
                "custom_model_data": 2500110,
                "pulling": 1,
                "pull": 0.65
            },
            "model": "item/ybw0014/infinityexpansion/infinity_items/sky_piercer/sky_piercer_pulling1"
        },
        {
            "predicate": {
                "custom_model_data": 2500110,
                "pulling": 1,
                "pull": 0.9
            },
            "model": "item/ybw0014/infinityexpansion/infinity_items/sky_piercer/sky_piercer_pulling2"
        },

        { "predicate": { "custom_model_data": 2900022}, "model": "item/haiman233/bump/bows/light_bow"},
        {
            "predicate": {
                "custom_model_data": 2900022,
                "pulling": 1
            },
            "model": "item/haiman233/bump/bows/light_bow_pulling_0"
        },
        {
            "predicate": {
                "custom_model_data": 2900022,
                "pulling": 1,
                "pull": 0.65
            },
            "model": "item/haiman233/bump/bows/light_bow_pulling_1"
        },
        {
            "predicate": {
                "custom_model_data": 2900022,
                "pulling": 1,
                "pull": 0.9
            },
            "model": "item/haiman233/bump/bows/light_bow_pulling_2"
        },

        { "predicate": { "custom_model_data": 2900023}, "model": "item/haiman233/bump/bows/witherskull_bow"},
        {
            "predicate": {
                "custom_model_data": 2900023,
                "pulling": 1
            },
            "model": "item/haiman233/bump/bows/witherskull_bow_pulling_0"
        },
        {
            "predicate": {
                "custom_model_data": 2900023,
                "pulling": 1,
                "pull": 0.65
            },
            "model": "item/haiman233/bump/bows/witherskull_bow_pulling_1"
        },
        {
            "predicate": {
                "custom_model_data": 2900023,
                "pulling": 1,
                "pull": 0.9
            },
            "model": "item/haiman233/bump/bows/witherskull_bow_pulling_2"
        }
    ]
}
